Feature,Importance
TotalCharges,16.604690204616382
MonthlyCharges,16.08400374986011
tenure,15.173754717065922
Contract_Month-to-month,4.329342837829181
Contract_Two year,2.859671729105051
PaymentMethod_Electronic check,2.280923500806369
PaperlessBilling_No,2.091587708199658
MultipleLines_No,2.0823957687930585
PaperlessBilling_Yes,2.0289135412242745
InternetService_Fiber optic,1.9691915728731284
