Feature,Importance
Contract_Month-to-month,0.27335207041318077
tenure,0.26460394816700916
TotalCharges,0.07796743060101327
InternetService_Fiber optic,0.0765544358099552
Contract_One year,0.06383639510021982
MonthlyCharges,0.04993916195014783
OnlineSecurity_No,0.041274639191723334
PaymentMethod_Electronic check,0.03148407809685899
StreamingMovies_Yes,0.0269331795888389
PaperlessBilling_Yes,0.021337109381157977
